Name,Text,Theme
WEB-ТЕХНОЛОГИИ ," Дисциплина Webтехнологии входит в базовую часть дисциплин учебного плана направления Математическое обеспечение и администрирование информационных систем  Целью преподавания дисциплины Webтехнологии является изучение основных принципов построения интернеториентированного программного обеспечения  webсервисов сайтов онлайнресурсов с использованием современных языков программирования В рамках занятий изучаются особенности используемых программных платформ рассматриваются приемы построения онлайнресурсов Студенты самостоятельно выполняют поставленные практические задачи на разработку программных модулей и сайтов с использованием языка разметки современных языков программирования системы управления базами данных что является важной составляющей эффективной реализации программного продукта  Задачи дисциплины          обучить студентов принципам построения интернеториентированных программных продуктов и основным используемым технологиям          привить студентам навыки webпрограммирования организации webсервисов и взаимодействия со сторонними сервисами          дать опыт разработки webресурсов  11  Место дисциплины модуля в структуре образовательной программы  Данная дисциплина входит в блок Б1 дисциплины модули вариативной части учебного плана Для изучения и освоения дисциплины нужны первоначальные знания из курсов информатики методов технологий языков программирования объектноориентированного программирования   12 Компетенции обучающегося формируемые в результате освоения данной дисциплины модуля Код и наименование компетенции Код и наименование части компетенции  при наличии паспорта компетенций Планируемые результаты обучения знаниевыйфункциональный ОПК6 Способен использовать в педагогической деятельности научные основы знаний в сфере информационнокоммуникационных технологий  Знает способы организации webсервисов для составления документации Умеет выявить особенности рынка Webтехнологий  и использовать платформы для разработки программ при командной разработке ПК2 готовностью к использованию основных моделей информационных технологий и способов их применения для решения задач в предметных областях  Знает основы языка разметки языков программирования под web способы организации самостоятельных webсервисов и взаимодействия со сторонними сервисами Умеет выявить особенности языков сценария и использовать их для разработки прикладных программ применять методы и особенности языков сценария для разработки прикладных программ с использованием языков сценария ', '4  2 Структура и трудоемкость дисциплины  Таблица 1  Вид учебной работы  Всего часов Часов в семестре 4 семестр Общая трудоемкость зач ед 4 4 час 144 144 Из них Часы аудиторной работы всего 70 70 Лекции 20 20 Практические занятия 50 50 Лабораторные  практические занятия по подгруппам 0 0 Часы внеаудиторной работы включая самостоятельную работу обучающегося 74 74 Вид промежуточной аттестации зачет  Зачет  3 ",WEB SQL PHP
АЛГОРИТМЫ И ТЕХНОЛОГИИ ПАРАЛЛЕЛЬНЫХ И РАСПРЕДЕЛЕННЫХ ВЫЧИСЛЕНИЙ ," Целью дисциплины Алгоритмы и технологии параллельных и распределенных вычислений является формирование у обучающихся понимания основных алгоритмов параллельных и распределённых вычислений и ведущих технологий разработки высокопроизводительных программ Задачи дисциплины   сформировать умение выстраивать и анализировать параллельные алгоритмы решения основных задач вычислительной математики   развить навыки определения технологии оптимальных решений для различных вычислительных систем  обеспечить овладение целостным представлением о сущности программирования для высокопроизводительных вычислительных систем  11Место дисциплины модуля в структуре образовательной программы Дисциплина Алгоритмы и технологии параллельных и распределенных вычислений относится к базовой части блока 1 федерального государственного образовательного стандарта высшего образования направления 020303 Математическое обеспечение и администрирование информационных систем Дисциплина Алгоритмы и технологии параллельных и распределенных вычислений опирается на материалы таких дисциплин как Объектноориентированное программирование Системное программирование Дискретная математика Методы вычислений используя знания в области объектноориентированного программирования на языках C и C и численных методов расширяя представления о сущности и методах современных технологий программирования и программного обеспечения многопроцессорных вычислительных систем  Разделы дисциплины и междисциплинарные связи с обеспечиваемыми последующими дисциплинами   пп Наименование обеспечиваемых последующих дисциплин Темы дисциплины необходимые для изучения обеспечиваемых последующих дисциплин 1 2 3 4 5 6 7 8 9 1  Информационные технологии          2 Производственная практика          3 Выполнение ВКР           12Компетенции обучающегося формируемые в результате освоения дисциплины модуля  Код и наименование компетенции  Код и наименование части компетенции  при наличии паспорта компетенций Планируемые результаты обучения  знаниевыефункциональные  ', ' ОПК3 Способен применять современные информационные технологии в том числе отечественные при создании программных продуктов и программных комплексов различного назначения  Знает тенденции развития языков и технологий параллельного программирования Умеет выбрать технологии и языки программирования для программной реализации алгоритма решения конкретной прикладной задачи ОПК6 Способен использовать в педагогической деятельности научные основы знаний в сфере информационнокоммуникационных технологий  Знает проблемы и тенденции развития рынка программного обеспечения Умеет определить методы проектирования и разработки программного обеспечения  ПК2 готовностью к использованию основных моделей информационных технологий и способов их применения для решения задач в предметных областях  Знает основные понятия параллельного программирования структуру методы и свойства классов используемых в многопоточном программировании возможные сферы их приложений при решении практических задач основы построения программ для систем с общей и распределенной памятью Умеет разрабатывать программы для решения задач прикладного характера из различных разделов прикладной математики  2 Структура и трудоемкость дисциплины модуля Таблица 1 Вид учебной работы Всего часов Часов в семестре 6 семестр Общая трудоемкость зач ед 4 4 час 144 144 Из них Часы аудиторной работы всего 68 68 ', ' Лекции 32 32 Практические занятия 0 0 Лабораторные  практические занятия по подгруппам 36 36 Часы внеаудиторной работы включая самостоятельную работу обучающегося 76 76 Вид промежуточной аттестации зачет диф зачет экзамен  Зачет  3 ",ALG CPP CS MATH
АРХИТЕКТУРА КОМПЬЮТЕРА И ОПЕРАЦИОННЫЕ СИСТЕМЫ ," Учебная дисциплина Архитектура компьютера и операционные системы обеспечивает приобретение знаний и умений в соответствии с государственным образовательным стандартом Целью дисциплины Архитектура компьютера и операционные системы является обучение студентов основам ЭВМ процессам взаимодействия и видам электронных компонентов и комплектующих составляющих операционных систем и некоторым видам сервисного программного обеспечения  Задачи дисциплины Архитектура компьютера и операционные системы  изучить принципы построения и архитектуру ЭВМ  познакомить с ЭВМ разного поколения  изучить принципы работы электронных компонентов и комплектующих ЭВМ и телекоммуникационных устройств  познакомить с архитектурой серверных систем  изучить процессы охлаждения комплектующих и сборных телекоммуникационных узлов  познакомить с основными видами отказов ЭВМ и телекоммуникационных узлов  изучить архитектуру операционных систем  изучить некоторое сервисное программное обеспечение  11 Место дисциплины модуля в структуре образовательной программы  Данная дисциплина входит в базовую часть цикла естественно  научных дисциплин блок Б1 Для освоения данной дисциплины необходимы знания и умения приобретенные обучающимися в результате освоения следующих предшествующих данной дисциплин Языки программирования Структуры и алгоритмы компьютерной обработки данных Дисциплина Архитектура компьютера и операционные системы способствует освоению дисциплины Сетевые технологии Безопасность корпоративных информационных сетей  12Компетенции обучающегося формируемые в результате освоения данной дисциплины модуля  Код и наименование компетенции  Код и наименование части компетенции при наличии паспорта компетенций Компонент знаниевыйфункциональный ОПК3 Способен применять современные информационные технологии в том числе отечественные при создании программных продуктов и программных комплексов различного назначения  Знает архитектуру современных ЭВМ комплектующих и их принципы работы архитектуру современных операционных систем и некоторого сервисного программного обеспечения и способы их настройки Умеет сопоставлять комплектующие ЭВМ и выполнять их предварительную настройку настраивать операционные системы работать с ', ' некоторым сервисных программным обеспечением ПК1 готовностью к использованию метода системного моделирования при исследовании и проектировании программных систем  Знает основные модели информационных технологий  Умеет применять основные модели информационных технологий на практике  2 Структура и объем дисциплины Таблица 1 Вид учебной работы Всего часов  академические часы Часов в семестре академические часы  3 семестр Общий объем зач ед  час 4 4 144 144 Из них   Часы аудиторной работы всего 54 54 Лекции 20 20 Практические занятия 34 34 Лабораторныепрактические занятия по подгруппам 0 0 Часы внеаудиторной работы включая самостоятельную работу обучающегося 90 90 Вид промежуточной аттестации зачет дифзачет экзамен  Экзамен  3 ",
АРХИТЕКТУРА СИСТЕМ ОБРАБОТКИ БОЛЬШИХ ДАННЫХ ,"   Цели и задачи дисциплины  Цель дисциплины сформировать у обучающихся знания и навыки практического применения основных подходов к проектированию архитектуры вычислительных систем ориентированных на обработку больших данных Big Data  Задачи дисциплины   сформировать понимание особенностей архитектуры систем и вычислительного процесса по обработке больших объемов данных различной структуры   развить навыки применения открытых технологий создания систем обработки больших данных   обеспечить готовность использования технологий Big Data в процессе решения задач обработки информации   11 Место дисциплины в структуре основной образовательной программы Данная дисциплина входит в блок Б1 Обязательная часть В соответствии с учебным планом образовательной программы изучение данной дисциплины предусмотрено в 7 семестре и опирается на знания умения и навыки приобретенные при изучении дисциплин Методы и технологии машинного обучения Алгоритмы и технологии параллельных и распределенных вычислений расширяя представления о современных архитектурах систем Big Data и технологиях их реализации  12 Компетенции обучающегося формируемые в результате освоения данной дисциплины Код и наименование компетенции Планируемые результаты обучения знаниевыефункциональные ОПК3 Способен применять современные информационные технологии в том числе отечественные при создании программных продуктов и программных комплексов различного назначения Знает актуальные проблемы проектирования архитектуры современных вычислительных систем ориентированных на обработку больших данных основные типы архитектур систем обработки больших данных Умеет выбирать тип архитектуры для разработки распределенных вычислительных систем использовать технологии проектирования вычислительного процесса для больших данных ОПК5 Способен инсталлировать и сопровождать программное обеспечение для информационных систем и баз данных в том числе отечественного производства Знает архитектуру и назначение компонентов экосистем Apache Hadoop Apache Spark Умеет применять экосистему Apache Hadoop для распределенной обработки статичных данных применять экосистему Apache Spark для распределенной обработки потоковых данных применять технологии программной реализации вычислительного процесса для больших данных технологии и методы представления результатов вычислительного процесса для больших данных ', '  2 Структура и трудоемкость дисциплины  Таблица 1  Вид учебной работы  Всего часов Часов в семестре 7 семестр Общая трудоемкость зач ед 4 4 час 144 144 Из них Часы аудиторной работы всего 66 66 Лекции 32 32 Практические занятия 34 34 Лабораторные  практические занятия по подгруппам 0 0 Часы внеаудиторной работы включая самостоятельную работу обучающегося 78 78 Вид промежуточной аттестации зачет диф зачет экзамен  Экзамен  3 ",BIGDATA Python
БЕЗОПАСНОСТЬ КОРПОРАТИВНЫХ ИНФОРМАЦИОННЫХ СЕТЕЙ ," Учебная дисциплина Безопасность корпоративных информационных сетей обеспечивает приобретение знаний и умений в соответствии с государственным образовательным стандартом Основной целью дисциплины Безопасность корпоративных информационных сетей является обучение студентов основам построения эксплуатации и администрированию сетевой инфраструктуры  Задачи дисциплины Безопасность корпоративных информационных сетей  изучить роли сетевой операционной системы Windows Server  познакомить с настройками межсетевых экранов и программируемых коммутаторов  дать представление о проводных и беспроводных сетях для объектов различного назначения и открытых зон  дать представление о администрировании межсетевых экранов и программируемых коммутаторов   познакомить с принципами администрирования проводных и беспроводных сетей  познакомить с принципами проектирования и администрирования информационных систем  11 Место дисциплины модуля в структуре образовательной программы  Данная дисциплина входит в базовую часть цикла естественно  научных дисциплин блок Б1 Для освоения данной дисциплины необходимы знания и умения приобретенные обучающимися в результате освоения следующих предшествующих данной дисциплин Архитектура компьютера и операционные системы Webтехнологии Сетевые технологии Дисциплина Безопасность корпоративных информационных сетей способствует освоению дисциплины Проект Разработка систем обработки данных в предметных областях Проект Интеллектуальные системы поддержки принятия решений  12Компетенции обучающегося формируемые в результате освоения данной дисциплины модуля  Код и наименование компетенции  Код и наименование части компетенции при наличии паспорта компетенций Планируемые результаты обучения знаниевыефункциональные ОПК5 Способен инсталлировать и сопровождать программное обеспечение для информационных систем и баз данных в том числе отечественного производства  Знает архитектуру современных сетевых устройств и серверов общие подходы к проектированию локальновычислительных систем и сетей принципы работы коммутаторов маршрутизаторов и межсетевых экранов серверов и способы их настройки Умеет проектировать локальновычислительные сети настраивать и ', ' администрировать серверное и сетевое оборудование  проводить мониторинг и защищать компьютерные сети различных масштабов в реальном времени  ПК2 готовностью к использованию основных моделей информационных технологий и способов их применения для решения задач в предметных областях  Знает основные модели информационных технологий  Умеет применять основные модели информационных технологий на практике УК10 способен формировать нетерпимое отношение к коррупционному поведению  Знает российское законодательство в сфере информационных технологий а также антикоррупционные стандарты поведения Умеет правильно анализировать толковать и применять нормы права в сфере информационных технологий а также в сфере противодействия коррупции  2 Структура и объем дисциплины Таблица 1 Вид учебной работы Всего часов  академические часы Часов в семестре академические часы  6 семестр Общий объем зач ед  час 4 4 144 144 Из них   Часы аудиторной работы всего 68 68 Лекции 32 32 Практические занятия 36 36 Лабораторныепрактические занятия по подгруппам 0 0 Часы внеаудиторной работы включая самостоятельную работу обучающегося 76 76 Вид промежуточной аттестации зачет дифзачет экзамен  Экзамен  3 ",WEB
ДИСКРЕТНАЯ МАТЕМАТИКА И ИССЛЕДОВАНИЕ ОПЕРАЦИЙ ," Программа дисциплины ориентирована на достижение следующих целей   освоение основных знаний дискретной математики и исследования операций   развитие математического мышления и творческого потенциала личности   воспитание ответственности к профессиональной деятельности воспитание самообразования   формирование навыков применения в профессиональной деятельности математических основ информатики  формирование готовности использовать приобретенные знания в профессиональной деятельности  Исходя из целей в программе дисциплины Дискретная математика предусматриваются задачи   сформировать у обучающегося необходимый объем знаний об основах дискретной математики и исследовании операций   научить передавать результат проведённых физикоматематических и прикладных исследований в виде конкретных рекомендаций выраженных в терминах предметной области   развить навыки решения задач теоретического и прикладного характера из различных разделов дискретной математики и исследовании операций доказывать утверждения строить модели объектов и понятий   сформировать умения применять основные понятия дискретной математики и исследовании операций и свойства математических объектов используемых в этих областях формулировки утверждений методы их доказательства возможные сферы их приложений для построения компьютерных дискретноматематических моделей  11  Место дисциплины модуля в структуре образовательной программы  Данная дисциплина входит в блок Б1 Базовая часть Для её успешного изучения необходимы знания и умения приобретенные в результате освоения школьного курса математики а также некоторых разделов из математического анализа и алгебры   12 Компетенции обучающегося формируемые в результате освоения данной дисциплины модуля Код и наименование компетенции Код и наименование части компетенции Планируемые результаты обучения   знаниевыефункциональные ОПК1 Способность применять фундаментальные знания полученные в области математики и или естественных наук и использовать их в профессиональной деятельности  Знает основные термины методологию и особенности дискретной математики и исследования операций свойства математических объектов используемых в этих областях формулировки утверждений различные методы решения прикладных задач дискретной математики   Умеет выявить типовые а также нестандартные задачи разработать метод решения поставленной задачи с использованием типовых алгоритмов решения задач дискретной математики и исследования операций  ', '4  ОПК2 Способен применять  современный математический аппарат связанный с проектированием разработкой реализацией и оценкой качества программных продуктов и программных комплексов в различных областях человеческой деятельности  Знает методы доказательства утверждений возможные сферы их приложений основы построения компьютерных дискретноматематических моделей Умеет выявить и поставить проблему строить алгоритмы решения задач и находить их решение с применением средств и методов информатики  2 Структура и трудоемкость дисциплины  Таблица 1  Вид учебной работы  Всего часов Часов в семестре 3 семестр Общая трудоемкость зач ед 4 4 час 144 144 Из них Часы аудиторной работы всего 66 66 Лекции 32 32 Практические занятия 34 34 Лабораторные  практические занятия по подгруппам 0 0 Часы внеаудиторной работы включая самостоятельную работу обучающегося 78 78 Вид промежуточной аттестации экзамен  Экзамен  3 ",MATH
ДИСКРЕТНАЯ МАТЕМАТИКА ," Программа дисциплины ориентирована на достижение следующих целей   освоение основных знаний о комбинаторике теории графов булевой алгебре   развитие математического мышления и творческого потенциала личности   воспитание ответственности к профессиональной деятельности воспитание самообразования   формирование навыков применения в профессиональной деятельности математических основ информатики   формирование готовности использовать приобретенные знания в профессиональной деятельности  Исходя из целей в программе дисциплины Дискретная математика предусматриваются задачи   сформировать у обучающегося необходимый объем знаний об основах дискретной математики   научить передавать результат проведенных физикоматематических и прикладных исследований в виде конкретных рекомендаций выраженных в терминах предметной области   развить навыки решения задач теоретического и прикладного характера из различных разделов дискретной математики доказывать утверждения строить модели объектов и понятий   сформировать умения применять основные понятия дискретной математики и свойства математических объектов используемых в этих областях формулировки утверждений методы их доказательства возможные сферы их приложений для построения компьютерных дискретноматематических моделей  11  Место дисциплины модуля в структуре образовательной программы  Данная дисциплина входит в блок Б1 Базовая часть Для её успешного изучения необходимы знания и умения приобретенные в результате освоения школьного курса математики а также некоторых разделов из математического анализа и алгебры   12 Компетенции обучающегося формируемые в результате освоения данной дисциплины модуля Код и наименование компетенции Код и наименование части компетенции Планируемые результаты обучения   знаниевыефункциональные ОПК1 Способность применять фундаментальные знания полученные в области математики и или естественных наук и использовать их в профессиональной деятельности  Знает основные термины методологию и особенности дискретных структур различные методы решения прикладных задач дискретной математики   Умеет выявить типовые а также нестандартные задачи дискретной математики разработать метод решения поставленной задачи с использованием типовых алгоритмов решения задач дискретной математики   ', '4 ОПК2 Способен применять  современный математический аппарат связанный с проектированием разработкой реализацией и оценкой качества программных продуктов и программных комплексов в различных областях человеческой деятельности  Знает этапы логику основных методов реализации соответствующих алгоритмов с помощью методов информатики  Умеет выявить и поставить проблему строить алгоритмы решения задач дискретной математики и находить их решение с применением средств и методов информатики  2 Структура и трудоемкость дисциплины  Таблица 1  Вид учебной работы  Всего часов Часов в семестре 2 семестр Общая трудоемкость зач ед 4 4 час 144 144 Из них Часы аудиторной работы всего 66 66 Лекции 32 32 Практические занятия 34 34 Лабораторные  практические занятия по подгруппам 0 0 Часы внеаудиторной работы включая самостоятельную работу обучающегося 78 78 Вид промежуточной аттестации экзамен  Экзамен  3 ",MATH
ДОПОЛНИТЕЛЬНЫЕ ГЛАВЫ МАТЕМАТИЧЕСКОГО АНАЛИЗА ,"   Цель освоения дисциплины  ознакомление студентов с теоретическими основами таких разделов математического анализа как теория рядов функции нескольких переменных кратное интегрирование и криволинейные интегралы  Задачи дисциплины  формирование практических навыков работы с функциями нескольких переменных кратными и криволинейными интегралами а также с числовыми и функциональными рядами включая ряды Тейлора и Маклорена   овладение знаниями умениями и навыками из разделов фундаментального курса математического анализа на продвинутом уровне для получения дальнейшего образования в областях возможно требующих углубленной математической подготовки  развитие алгоритмической культуры логического и критического мышления на высоком уровне необходимом для будущей профессиональной деятельности студентов или последующего успешного обучения в вузе  воспитание средствами математики культуры личности понимания значимости математики для научнотехнического прогресса отношения к математике как к части общечеловеческой культуры  11 Место дисциплины модуля в структуре образовательной программы  Данная дисциплина модуль входит в блок Б1 Дисциплины модули части формируемой участниками образовательных отношений дисциплина модуль по выбору  Для освоения данной дисциплины достаточно освоения школьного курса алгебры и геометрии  12 Компетенции обучающегося формируемые в результате освоения данной дисциплины  Код и наименование компетенции  Код и наименование части компетенции  при наличии паспорта компетенций Планируемые результаты обучения   знаниевыефункциональные ОПК1 Способность применять фундаментальные знания полученные в области математики и или естественных наук и использовать их в профессиональной деятельности    Знает   основные понятия определения и свойства объектов изученных разделов математического анализа   формулировки и доказательства утверждений теорем методы их доказательства возможные их связи и приложения в других областях математического знания и дисциплинах естественнонаучного содержания Умеет  доказывать утверждения и теоремы изученных разделов математического анализа решать стандартные и нестандартные задачи   самостоятельно применять полученные ', ' навыки в других областях математического знания и дисциплинах естественнонаучного содержания  ОПК2 Способен применять  современный математический аппарат связанный с проектированием разработкой реализацией и оценкой качества программных продуктов и программных комплексов в различных областях человеческой деятельности    Знает возможности применения полученных математических знаний в практической деятельности при научных исследованиях Умеет   формулировать задачи в том числе и профессиональные на математическом языке   самостоятельно осваивать новые математические методы для использования их в учебных и научных исследованиях в дальнейшей профессиональной деятельности  2 Структура и трудоемкость дисциплины  Таблица 1  Вид учебной работы  Всего часов Часов в семестре 2 Общая трудоемкость зач ед 4 4 час 144 144 Из них Часы аудиторной работы всего 66 66 Лекции 32 32 Практические занятия 34 34 Лабораторные  практические занятия по подгруппам 0 0 Часы внеаудиторной работы включая самостоятельную работу обучающегося 68 68 Вид промежуточной аттестации зачет диф зачет экзамен  Зачет  3 ",MATH
КОМПЬЮТЕРНОЕ ЗРЕНИЕ ," Дисциплина Компьютерное зрение входит в базовую часть учебного плана направления Математическое обеспечение и администрирование информационных систем Знание дисциплины Компьютерное зрение позволит решать задачи классификации изображений локализации и обнаружении объектов на изображениях и другие задачи связанные с анализом изображений Кроме того знание данной дисциплины закладывает фундамент для освоения других специализированных областей машинного обучения Данная дисциплина имеет большое прикладное значение так как является ключевой при разработке систем поиска и описания изображений ГИС систем медицинской диагностики беспилотных автомобилей и систем управления дронами Целью дисциплины является освоение подходов и инструментов для решения задач компьютерного зрения с использованием глубокого обучения и их практическое применение  Задачи дисциплины  обучение навыкам правильно ставить задачи в области компьютерного зрения  освоение подходов к описанию данных необходимых для решения задачи  освоение подготовки и анализа исходных данных  знакомство с моделями для решения задач компьютерного зрения их применением и ограничениями  обучение выбору модели для решения поставленной задачи в соответствии с заявленными в постановке требованиями  обучение навыкам работы с нейросетевыми моделями  обучение навыкам анализа результатов полученного решения  освоение инструментов для разработки моделей машинного обучения  11  Место дисциплины модуля в структуре образовательной программы Данная дисциплина входит в блок Б1 Базовая часть Для освоения дисциплины необходимы первоначальные знания из курсов линейной алгебры математического анализа математических основ анализа данных математических основ искусственных нейронных сетей методов и технологий машинного обучения Знания и умения приобретенные в ходе освоения дисциплины могут быть использованы при освоении курсов архитектура систем обработки больших данных обработка и анализ текста на естественных языках и других дисциплин характер которых предполагает применение глубокого обучения для решения задач регрессии и классификации обработку больших данных обработку визуальной информации Кроме того студент может использовать приобретённые компетенции при выполнении курсовых и дипломных работ в которых важным элементом является интеллектуальная обработка изображений и других данных с помощью глубоких нейронных сетей  12 Компетенции обучающегося формируемые в результате освоения данной дисциплины модуля Код и наименование компетенции Планируемые результаты обучения  знаниевыефункциональные ОПК1 Способность применять фундаментальные знания полученные в области математики и или естественных наук и использовать их в профессиональной деятельности Знает термины которыми оперирует компьютерное зрение математический аппарат применяемый для разработки и обучения моделей машинного обучения основные типы задач компьютерного зрения и подходы к их решению Умеет корректно ставить задачи анализа изображений применять алгоритмы предобработки изображений алгоритмы для решения задач компьютерного зрения ', ' ОПК5 Способен инсталлировать и сопровождать программное обеспечение для информационных систем и баз данных в том числе отечественного производства Знает архитектуру и назначение фреймворков PyTorch и TensorFlow Умеет применять фреймворки PyTorch и TensorFlow для разработки и обучения нейронных сетей применять фреймворки PyTorch и TensorFlow для анализа разработанных нейронных сетей ОПК6 Способен использовать в педагогической деятельности научные основы знаний в сфере информационнокоммуникационных технологий Знает основные проблемы и тенденции развития математических моделей используемых для составления документации и  разработки программного обеспечения включающего в себя модули компьютерного зрения Умеет выбирать модели для решения поставленной задачи руководствуясь знаниями об основных проблемах и тенденциях развития моделей используемых для решения задачи компьютерного зрения  2 Структура и объем дисциплины Таблица 1  Вид учебной работы Всего часов академические часы Часов в семестре академические часы 6 семестр Общая трудоемкость зач ед 4 4 час 144 144 Из них Часы аудиторной работы всего 70 70 Лекции 32 32 Практические занятия 38 38 Лабораторные  практические занятия по подгруппам 0 0 Часы внеаудиторной работы включая самостоятельную работу обучающегося 74 74 Вид промежуточной аттестации зачет диф зачет экзамен  Экзамен  3 ",NEURO Python
КОНЕЧНЫЕ АВТОМАТЫ И ФОРМАЛЬНЫЕ ЯЗЫКИ ,"  Теория конечных автоматов и формальных языков является базовым фундаментом для разработки инструментов с которыми постоянно имеет дело каждый программист  языков программирования интерпретаторов и компиляторов В курсе рассматриваются элементы теории формальных языков грамматики классификация формальных языков регулярные выражение Студенты познакомятся с тем как используются конечные автоматы для интерпретации формальных языков с алгоритмами обработки регулярных выражений как с помощью грамматик можно разработать и описать свой собственный язык программирования и реализовать его работу с помощью конечных автоматов  Цели и задачи освоения дисциплины Целью изучения дисциплины Конечные автоматы и формальные языки является освоение теоретических основ формальных языков и трансляций современных подходов распознавания и транслирования языков концепций автоматного программирования изучение основных положений связанных с понятием и взаимодействием вычислительных процессов а также некоторых структурных решений построения вычислительных машин и систем Изучению подлежит теория автоматов теория формальных языков и вычислительных процессов а также приобретение практических навыков по разработке формальных языков и программтрансляторов Задачи дисциплины состоят в изучении структур методов и алгоритмов использующихся для построения и трансляции формальных языков управления вычислительными процессами  11  Место дисциплины модуля в структуре образовательной программы  Данная дисциплина входит в блок Б1 Вариативная часть Для освоения данной дисциплины необходимы знания и умения приобретенные обучающимися в результате освоения следующих предшествующих данной дисциплин Языки программирования Объектноориентированное программирование Дискретная математика и исследование операций Алгоритмы и технологии параллельных и распределенных вычислений  12 Компетенции обучающегося формируемые в результате освоения данной дисциплины модуля  Код и наименование компетенции Код и наименование части компетенции  при наличии паспорта компетенций Планируемые результаты обучения знаниевыефункциональные ПК2 готовностью к использованию основных моделей информационных технологий и способов их применения для решения задач в предметных областях   знает методы разработки синтаксиса и семантики языков программирования модели и алгоритмы синтаксического анализа и перевода классов формальных грамматик используемых для описания конструкция языков программирования синтаксиса и семантики языков программирования  умеет использовать стандартные инструментальные средства построения ', ' распознавателей и трансляторов языков программирования  2 Структура и трудоемкость дисциплины  Таблица 1 Вид учебной работы  Всего часов Часов в семестре 8 Общая трудоемкость зач ед 4 4 час 144 144 Из них    Часы аудиторной работы всего 60 60 Лекции 20 20 Практические занятия 40 40 Лабораторные  практические занятия по подгруппам 0 0 Часы внеаудиторной работы включая самостоятельную работу обучающегося 84 84 Вид промежуточной аттестации зачёт  Зачёт  3 ",
ЛИНЕЙНАЯ АЛГЕБРА И ГЕОМЕТРИЯ ,"   Цели и задачи освоения дисциплины В РПД представлены как традиционные разделы аналитической геометрии и векторной алгебры теории матриц теории линейных систем и конечномерных векторных пространств важные для студентов компьютерных специальностей Изучение аналитической геометрии строится на базе векторной алгебры Цели и задачи освоения дисциплины  Цель курса  освоение студентами фундаментальных знаний в области линейной алгебры и аналитической геометрии изучение способов решения задач методами линейной алгебры и аналитической геометрии  Основная задача данного курса  формирование базовых знаний в области линейной алгебры и аналитической геометрии как дисциплины интегрирующей общематематическую подготовку специалистов в области ITтехнологий и обеспечивающей технологические основы современных инновационных сфер деятельности  11 Место дисциплины в структуре образовательной программы    Данная дисциплина входит в блок Б1 Дисциплины модули обязательная часть Для успешного освоения дисциплины необходимо изучить математику по программе средней общеобразовательной школы  12 Компетенции обучающегося формируемые в результате освоения данной дисциплины  Код и наименование компетенции из ФГОС ВО Код и наименование части компетенции  при наличии паспорта компетенций Планируемые результаты обучения   знаниевыефункциональные ОПК1 Способность применять фундаментальные знания полученные в области математики и или естественных наук и использовать их в профессиональной деятельности ОПК1 Знает возможности применения информационнокоммуникационных технологий при изучении математики Умеет работать с основными программными продуктами информационнокоммуникационных технологий при изучении математики вести поиск информации в сети Интернет ОПК2 Способен применять  современный математический аппарат связанный с проектированием разработкой реализацией и оценкой качества ОПК2 Знает место модуля Линейная алгебра и геометрия среди других изучаемых дисциплин и его значение при изучении последующих курсов алгебру матриц основные характеристики матриц их определения и свойства ', ' 4  программных продуктов и программных комплексов в различных областях человеческой деятельности методы решения систем линейных алгебраических уравнений основы векторной алгебры свойства и уравнения основных геометрических объектов Умеет использовать знания  изучаемой дисциплины для решения некоторых  профессиональных задач   2 Структура и объем дисциплины  Таблица 1  Вид учебной работы  Всего часов Часов в семестре 1 Общая трудоемкость зач ед 4 4 час 144 144 Из них Часы аудиторной работы всего 66 66 Лекции 32 32 Практические занятия 34 34 Лабораторные  практические занятия по подгруппам 0 0 Часы внеаудиторной работы включая самостоятельную работу обучающегося 78 78 Вид промежуточной аттестации зачет диф зачет экзамен  Зачет  3 ",MATH
МАТЕМАТИЧЕСКИЕ ОСНОВЫ АНАЛИЗА ДАННЫХ ," Дисциплина Математические основы анализа данных обеспечивает приобретение знаний и умений в соответствии с государственным образовательным стандартом содействует повышению уровня фундаментализации образования формированию математической культуры студента Цель дисциплины сформировать у обучающихся представление о математических основах необходимое для понимания методов машинного обучения и анализа данных их ограничений областей применения и принципов построения  Задачи дисциплины  повысить математическую культуру студента  развить базовый математический аппарат необходимый для построения математических моделей процессов и систем в задачах компьютерной реализации систем получения анализа обработки данных и машинного обучения  сформировать комплекс знаний по теоретическим основам методов анализа данных статистическим методам  привить систему навыков работы с большими массивами информации снижения размерности информационного пространства  11  Место дисциплины модуля в структуре образовательной программы  Данная дисциплина входит в блок Б1 Базовая часть Для освоения данной дисциплины необходимы знания и умения приобретенные обучающимися в результате освоения следующих предшествующих данной дисциплин Дискретная математика и исследование операций Линейная алгебра и геометрия Дополнительные главы математического анализа Языки программирования Объектноориентированное программирование Компетенции приобретённые при освоении данной дисциплины будут полезны при изучении дисциплин Математические основы искусственных нейронных сетей Математическое моделирование природных систем Методы и технологии машинного обучения а также при выполнении научно исследовательской работы и ВКР в которых важным элементом является анализ и обработка данных  12 Компетенции обучающегося формируемые в результате освоения данной дисциплины модуля Код и наименование компетенции Планируемые результаты обучения  знаниевыефункциональные ОПК1 Способность применять фундаментальные знания полученные в области математики и или естественных наук и использовать их в профессиональной деятельности Знает  актуальные проблемы организации проверки внешних данных для информационных систем и принципы предобработки и статистического анализа этих данных приёмы и методы оценки взаимосвязи данных между собой и с исследуемым процессом Умеет  читать и понимать литературу по современным теоретическим методам анализа данных выбирать вид анализа данных в зависимости от их характера и типа решаемых задач ОПК2 Способен применять  современный математический аппарат связанный с проектированием разработкой реализацией и оценкой качества Знает  основные задачи и результаты современной математики используемые для решения теоретических задач анализа многомерных данных и лежащих в основе современных методов анализа данных математические модели ', '4 программных продуктов и программных комплексов в различных областях человеческой деятельности описывающие характер влияния факторов на результативный признак Умеет  использовать современные математические методы для формулирования и решения теоретических задач анализа данных  разрабатывать методы и алгоритмы анализа данных на основе решения соответствующих теоретических задач  2 Структура и трудоемкость дисциплины  Таблица 1  Вид учебной работы  Всего часов Часов в семестре 3 семестр Общая трудоемкость зач ед 4 4 час 144 144 Из них Часы аудиторной работы всего 66 66 Лекции 32 32 Практические занятия 34 34 Лабораторные  практические занятия по подгруппам   Часы внеаудиторной работы включая самостоятельную работу обучающегося 78 78 Вид промежуточной аттестации экзамен  Зачёт  3 ",BIGDATA MATH
МАТЕМАТИЧЕСКИЕ ОСНОВЫ ИСКУССТВЕННЫХ НЕЙРОННЫХ СЕТЕЙ ," Дисциплина Математические основы искусственных нейронных сетей входит в базовую часть учебного плана направления Математическое обеспечение и администрирование информационных систем Знание дисциплины Математические основы искусственных нейронных сетей содействует формированию математической культуры студента овладению им принципами моделями и технологиями создания и функционирования искусственных нейронных сетей Целью освоения дисциплины являются формирование навыков и умений создания студентами математических моделей процессов и явлений с использованием нейронных сетей знакомство с моделями управления на базе систем использующих нейронные сети изучение методов формализации процессов и явлений в понятийном аппарате нейроматематики  Задачи дисциплины  обучение навыкам правильной постановки задач требующих для решения искусственных нейронных сетей  освоение подходов к описанию данных необходимых для решения задачи  освоение подготовки и анализа исходных данных  знакомство с основными архитектурами искусственных нейронных сетей  знакомство с областями применения искусственных нейронных сетей  обучение навыкам работы с нейросетевыми моделями  обучение навыкам анализа результатов полученного решения  освоение инструментов для разработки моделей машинного обучения  11  Место дисциплины модуля в структуре образовательной программы Данная дисциплина входит в блок Б1 Базовая часть Для освоения дисциплины необходимы первоначальные знания из курсов линейной алгебры математического анализа математических основ анализа данных методов и технологий машинного обучения Знания и умения приобретенные в ходе освоения дисциплины могут быть использованы при освоении курсов архитектура систем обработки больших данных компьютерное зрение обработка и анализ текста на естественных языках и других дисциплин характер которых предполагает применение нейросетевых моделей для решения задач регрессии и классификации обработку больших данных обработку визуальной информации Кроме того студент может использовать приобретённые компетенции при выполнении курсовых и дипломных работ в которых важным элементом является интеллектуальная обработка изображений и других данных с помощью глубоких нейронных сетей  12 Компетенции обучающегося формируемые в результате освоения данной дисциплины модуля Код и наименование компетенции Планируемые результаты обучения знаниевыефункциональные ОПК3 Способен применять современные информационные технологии в том числе отечественные при создании программных продуктов и программных комплексов различного назначения Знает алгоритмы обучения нейронных сетей проблемы их применения и направления развития подходов к обучению сетей основные прикладные проблемы решаемые с помощью нейронных сетей Умеет навыками планирования и проведения экспериментальных исследований с целью получения оптимальных параметров нейронных сетей ', ' ОПК2 Способен применять современный математический аппарат связанный с проектированием разработкой реализацией и оценкой качества программных продуктов и программных комплексов в различных областях человеческой деятельности Знает общую методологию синтеза структуры нейронной сети для решения прикладных задач классификацию видов и архитектур искусственных нейронных сетей методы их адаптации для решения конкретной задачи и тестирования основы построения моделей искусственных нейронных сетей Умеет использовать современные математические методы для формулирования и решения теоретических задач искусственного интеллекта строить математические модели применяя нейронные сети  2 Структура и трудоемкость дисциплины Таблица 1  Вид учебной работы  Всего часов Часов в семестре 6 семестр Общая трудоемкость зач ед 4 4 час 144 144 Из них Часы аудиторной работы всего 66 66 Лекции 32 32 Практические занятия 34 34 Лабораторные  практические занятия по подгруппам 0 0 Часы внеаудиторной работы включая самостоятельную работу обучающегося 78 78 Вид промежуточной аттестации зачет диф зачет экзамен  Экзамен  3 ",NEURO Python MATH
МАТЕМАТИЧЕСКОЕ МОДЕЛИРОВАНИЕ ПРИРОДНЫХ СИСТЕМ ,"  Предметом изучения являются методы численного компьютерного моделирования различных процессов в моделях которых используются основные математические методы  Освоение дисциплины поможет привить студентам навыки в постановке и реализации задач вычислительной математики практически решать типичные задачи требующие выполнения небольшого объема вычислений решать достаточно сложные в вычислительном отношении задачи требующие создания численного алгоритма и реализации компьютерной программы на ЭВМ  Цель изучения дисциплины  формирование у студентов профессиональных компетенций умений и навыков в области математического моделирования для решения задач прикладного характера с использованием современных языков программирования и пакетов прикладных программ моделирования  Задачи дисциплины        изучить основные понятия и методы численного решения типовых математических задач        овладеть практическими навыками в реализации численных алгоритмов        научить основам проведения вычислительного эксперимента а также анализа численного решения задач прикладного характера  11Место дисциплины в структуре образовательной программы  Дисциплина Методы вычислений входит в блок Б1 Дисциплины модули Базовая часть Для изучения и освоения дисциплины нужны первоначальные знания из курсов математического анализа линейной алгебры обыкновенных дифференциальных уравнений уравнений математической физики  Знания и умения практические навыки приобретенные студентами в результате изучения дисциплины будут использоваться при изучении курсов математического моделирования вычислительного практикума при выполнении курсовых и выпускных квалификационных работ связанных с математическим моделированием и обработкой наборов данных решением конкретных задач из механики физики и тп  12Компетенции обучающегося формируемые в результате освоения данной дисциплины модуля  Код и наименование компетенции  Код и наименование части компетенции при наличии паспорта компетенций Планируемые результаты обучения знаниевыефункциональные ОПК1 Способностью решать стандартные задачи профессиональной деятельности на основе информационной и  Знает имеет четкое представление о видах математических моделей основанных на численных методах о способах построения и реализации алгоритма применяемого метода решения анализа полученных результатов оценки погрешности вычислений ', '4  библиографической культуры с применением информационнокоммуникационных технологий и с учетом основных требований информационной безопасности Умеет разрабатывать и самостоятельно реализовывать численные алгоритмы практических задач с помощью инструментальных средств и прикладных программ давать полный анализ результатов решения и оценивать границы применимости выбранного метода ОПК2 способностью применять в профессиональной деятельности знания математических основ информатики  Знает основные методы численного анализа имеет четкое представление о способах реализации математических моделей основанных на численных методах Умеет применять основные компоненты современных информационных технологий для реализации математических моделей основанных на численных методах  2 Структура и трудоемкость дисциплины Таблица 1  Вид учебной работы  Всего часов Часов в семестре 5 семестр Общая трудоемкость зач ед 4 4 час 144 144 Из них Часы аудиторной работы всего 66 66 Лекции 32 32 Практические занятия 34 34 Лабораторные  практические занятия по подгруппам   Часы внеаудиторной работы включая самостоятельную работу обучающегося 78 78 Вид промежуточной аттестации экзамен  Экзамен  3 ",MATH ALG
МЕТОДЫ И СРЕДСТВА ПРОЕКТИРОВАНИЯ ПОЛЬЗОВАТЕЛЬСКОГО ИНТЕРФЕЙСА ," Дисциплина  Методы и средства проектирования пользовательского интерфейса  обеспечивает освоение технологий разработки программного рьеспечения ориентированного на стандарт визуальных оболочек Области применения полученных компетенций затрагивают практически каждого пользователя и специалиста позволяя разрабатывать приложения от простейших расчетных форм до многопользовательских программных комплексов с применением графического интерфейса и средств сети INTERNET Цель дисциплины сформировать у обучающихся представление о принципах создания приложений поддерживающих требования интерфейса операционной среды WINDOWS необходимое для понимания разработки клиентоориентированных прграммных продуктов  Задачи дисциплины  привить студентам знание способов использования основных компонент разработки приложений   дать опыт разработки собственных средств контроля и управления элементами программных систем   ознакомить студентов с принципами функционирования и управления специальными средствами WINDOWSпрограммирования реализация многозадачности COM технологии  11  Место дисциплины модуля в структуре образовательной программы  Данная дисциплина входит в блок Б1 Базовая часть Для освоения данной дисциплины необходимы знания и умения приобретенные обучающимися в результате освоения следующих предшествующих данной дисциплин Языки программирования и Объектноориентированное программирование Компетенции приобретённые при освоении данной дисциплины будут полезны при изучении дисциплин Webтехнологии Алгоритмы и технологии параллельных и распределенных вычислений Проект Интеллектуальные системы поддержки принятия решений а также и других дисциплин характер практических работ которых предполагает разработку программных продуктов с использованием визуального интерфейса Кроме того студент может использовать приобретённые компетенции при выполнении научно исследовательской работы и ВКР  12 Компетенции обучающегося формируемые в результате освоения данной дисциплины модуля Код и наименование компетенции Планируемые результаты обучения знаниевыефункциональные ОПК2 Способен применять  современный математический аппарат связанный с проектированием разработкой реализацией и оценкой качества программных продуктов и программных комплексов в различных областях человеческой деятельности Знает  основные виды пакетов программ и инструментальных средств применяемых для разработки интерфейса Умеет  читать и понимать литературу по современным разработки пользовательского интерфейса выбирать модели технологии организации обмена информацией с пользователем программного обеспечения ОПК3 Способен применять современные информационные Знает  содержание основные этапы и тенденции развития программирования математического обеспечения и ', '4 технологии в том числе отечественные при создании программных продуктов и программных комплексов различного назначения информационных технологий средства и приёмы построения объектных типов для организации программного продукта ориентированного на удовлетворение требований к пользовательскому интерфейсу Умеет  использовать современные технологии объектноориентированного и визуального программирования для создания программной модели реальных или виртуальных систем выполнять разработку программных продуктов  2 Структура и трудоемкость дисциплины  Таблица 1  Вид учебной работы  Всего часов Часов в семестре 3 семестр Общая трудоемкость зач ед 4 4 час 144 144 Из них Часы аудиторной работы всего 72 72 Лекции 20 20 Практические занятия 52 52 Лабораторные  практические занятия по подгруппам   Часы внеаудиторной работы включая самостоятельную работу обучающегося 72 72 Вид промежуточной аттестации экзамен  Экзамен  3 ",GUI CS
МЕТОДЫ И ТЕХНОЛОГИИ МАШИННОГО ОБУЧЕНИЯ ," Дисциплина Методы и технологии машинного обучения входит в базовую часть дисциплин учебного плана направления Математическое обеспечение и администрирование информационных систем  Целью преподавания дисциплины Методы и технологии машинного обучения является получение студентами теоретических знаний и практического опыта в области современных технологий и методов анализа данных с применением технологий машинного обучения В рамках практических занятий изучаются методы и подходы к анализу данных способы подготовки данных к использованию в алгоритмах и моделях машинного обучения а также современные модели и технологии анализа данных с использованием инструментов машинного обучения Практические занятия сопровождаются практикумом на ЭВМ где студенты самостоятельно выполняют поставленные перед ними задачи на разработку приложений и скриптов с использованием языка программирования Python и открытых технологий и библиотек анализа данных  Задачи дисциплины  освоение основ первичного анализа данных и предметной области поставленной задачи  знакомство и освоение базовых алгоритмов машинного обучения  получение навыков решения практических задач машинного обучения с применением современных технологий программирования  11  Место дисциплины модуля в структуре образовательной программы  Данная дисциплина входит в блок Б1 дисциплины модули базовой части учебного плана Для изучения и освоения дисциплины нужны первоначальные знания из курсов информатики методов и технологий программирования математических основ анализа данных   12 Компетенции обучающегося формируемые в результате освоения данной дисциплины модуля Код и наименование компетенции Код и наименование части компетенции  при наличии паспорта компетенций Планируемые результаты обучения   знаниевыефункциональные  ОПК1 Способность применять фундаментальные знания полученные в области математики и или естественных наук и использовать их в профессиональной деятельности  Знает математические основы методов анализа данных методы исполнения решений на всех этапах цикла принятия решений возможности современных технологий анализа данных модели представления знаний и области их применения Умеет определять назначение выбирать методы и средства для построения прикладных систем анализа данных ОПК2 Способен применять  современный математический  Знает основные виды задач и сферы применения машинного обучения этапы методы и технологии решения задач машинного обучения ', '4 аппарат связанный с проектированием разработкой реализацией и оценкой качества программных продуктов и программных комплексов в различных областях человеческой деятельности Умеет выбирать инструментарий для каждого этапа принятия решения определять назначение выбирать методы и средства для построения и реализовывать прикладные системы анализа данных  2 Структура и трудоемкость дисциплины  Таблица 1  Вид учебной работы  Всего часов Часов в семестре 5 семестр Общая трудоемкость зач ед 4 4 час 144 144 Из них Часы аудиторной работы всего 68 68 Лекции 32 32 Практические занятия 36 36 Лабораторные  практические занятия по подгруппам 0 0 Часы внеаудиторной работы включая самостоятельную работу обучающегося 76 76 Вид промежуточной аттестации зачет  Экзамен  3 ",Python NEURO MATH
НАУЧНЫЙ СЕМИНАР «СОВРЕМЕННЫЕ ТЕХНОЛОГИИ РАЗРАБОТКИ ПРОГРАММНЫХ ПРОДУКТОВ И СИСТЕМ» ,"   Цели и задачи дисциплины  Цель дисциплины сформировать у обучающихся знания и навыки практического применения современных технологий разработки программного обеспечения ПО прикладных вычислительных систем различного назначения  Задачи дисциплины   сформировать представление о возможностях технологий разработки ПО   развить навыки проблематизации и целеполагания при определении функционала разрабатываемого ПО   обеспечить готовность к использованию методов моделирования при проектировании архитектуры систем и соответствующих вычислительных процессов  11 Место дисциплины в структуре основной образовательной программы Данная дисциплина входит в блок Б1 Базовая часть В соответствии с учебным планом образовательной программы изучение данной дисциплины предусмотрено в 8 семестре и опирается на знания умения и навыки приобретенные при изучении дисциплин Разработка приложений баз данных Языки программирования и других дисциплин связанных с изучением технологий программирования расширяя представления о современных технологиях разработки ПО и способах их применения  12 Компетенции обучающегося формируемые в результате освоения данной дисциплины  Код и наименование компетенции Планируемые результаты обучения знаниевыефункциональные ОПК3 Способен применять современные информационные технологии в том числе отечественные при создании программных продуктов и программных комплексов различного назначения Знает актуальные проблемы проектирования современных вычислительных систем основные типы технологий разработки систем обработки данных Умеет выбирать тип архитектуры для разработки вычислительных систем использовать технологии проектирования вычислительного процесса обработки данных ПК1  готовность к использованию метода системного моделирования при исследовании и проектировании программных систем Знает содержание и последовательность основных этапов разработки программных продуктов и систем обработки данных методологию системного моделирования и ее применение при разработке программных продуктов и систем обработки данных Умеет проектировать последовательность разработки ПО на основе системного подхода прогнозировать результаты выбора технологии разработки ПО для решения конкретной прикладной задачи использовать методы системного моделирования при разработке программных продуктов и систем обработки данных ', ' ПК2  готовность к использованию основных моделей информационных технологий и способов их применения для решения задач в предметных областях Знает особенности моделей современных технологий разработки ПО основные способы использования технологий программирования модели процесса разработки ПО Умеет разрабатывать ПО на основе различных технологий разработки экстремальное программирование agile и др применять основные модели информационных хранилищ и передачи данных паттерны программирования для решения конкретной прикладной задачи  2 Структура и трудоемкость дисциплины  Таблица 1  Вид учебной работы  Всего часов Часов в семестре 8 семестр Общая трудоемкость зач ед 5 5 час 180 180 Из них Часы аудиторной работы всего 70 70 Лекции 10 60 Практические занятия 10 60 Лабораторные  практические занятия по подгруппам 0 0 Часы внеаудиторной работы включая самостоятельную работу обучающегося 110 110 Вид промежуточной аттестации зачет диф зачет экзамен  Экзамен  3 ",
ОБРАБОТКА И АНАЛИЗ ТЕКСТА НА ЕСТЕСТВЕННЫХ ЯЗЫКАХ ,"  Целью курса является формирование у студентов представлений об основах автоматической обработки и анализа текста на естественном языке Задачи дисциплины изучение основных алгоритмов обработки естественного языка освоение методов классификации текстов и извлечения информации из неструктурированного текста приобретение навыков использования алгоритмов автоматического морфологического синтаксического и семантического анализа  11  Место дисциплины модуля в структуре образовательной программы  Дисциплина Обработка и анализ текстов на естественных языках находится в Б1 Часть формируемая участниками образовательных отношений федерального государственного образовательного стандарта высшего образования направления 020303 Математическое обеспечение и администрирование информационных систем В соответствии с учебным планом образовательной программы изучение данной дисциплины предусмотрено в 7 семестре и логически взаимосвязано с изучаемыми параллельно дисциплинами Дисциплина использует знания в областях технологий программирования объектноориентированного программирования методов и технологий машинного обучения математических основ искусственных нейронных сетей   12 Компетенции обучающегося формируемые в результате освоения данной дисциплины модуля  Код и наименование компетенции Код и наименование части компетенции при наличии паспорта компетенций Планируемые результаты обучения знаниевыефункциональные ПК2 готовность к использованию основных моделей информационных технологий и способов их применения для решения задач в предметных областях  Знает принципы создания программ осуществляющих функции обработки и анализа естественного языка Умеет использовать современные библиотеки лингвистические ресурсы и компьютерные средства для выполнения основных задач связанных с анализом текста на естественном языке   2 Структура и трудоемкость дисциплины  Таблица 1  Вид учебной работы  Всего часов Часов в семестре 7 Общая трудоемкость зач ед 4 4 час 144 144 Из них ', ' Часы аудиторной работы всего 60 60 Лекции 16 16 Практические занятия 44 44 Лабораторные  практические занятия по подгруппам 0 0 Часы внеаудиторной работы включая самостоятельную работу обучающегося 84 84 Вид промежуточной аттестации зачет диф зачет экзамен  Экзамен  3 ",NEURO Python
ОБЪЕКТНО-ОРИЕНТИРОВАННОЕ ПРОГРАММИРОВАНИЕ ,"  Актуальность дисциплины обусловлена тем что при изучении дисциплины студент получает знания о базовых принципах построения программ в объектноориентированном стиле программирования об объектах и классах о взаимодействии объектов между собой об иерархии классов Цели и задачи освоения дисциплины Программа дисциплины ориентирована на достижение следующих целей освоение базовых понятий объектноориентированного стиля программирования изучение стандартных классов овладение умением конструирования собственных классов формирование готовности использовать приобретенные знания в профессиональной деятельности   Исходя из целей в программе дисциплины Объектноориентированное программирование предусматриваются задачи сформировать у обучающегося необходимый объем знаний об объектноориентированном стиле научить строить классы разного уровня сложности сформировать умения разрабатывать программы в объектноориентированном стиле  11  Место дисциплины модуля в структуре образовательной программы  Данная дисциплина входит в блок Б1 Базовая часть Для освоения данной дисциплины необходимы знания и умения приобретенные обучающимися в результате освоения следующих предшествующих данной дисциплин школьный курс Информатики и ИКТ Языки программирования  12 Компетенции обучающегося формируемые в результате освоения данной дисциплины модуля  Код и наименование компетенции Код и наименование части компетенции  при наличии паспорта компетенций Планируемые результаты обучения знаниевыефункциональные ОПК3 Способен применять современные информационные технологии в том числе отечественные при создании программных продуктов и программных комплексов различного назначения  знает средства и приёмы построения объектных типов для организации программного продукта в рамках объектноориентированного подхода  умеет разрабатывать программные продукты с применением современных информационных технологий с учётом тенденции развития программирования и математического обеспечения разрабатывать программные продукты содержащих объектное представление для моделируемых процессов  ПК2 готовностью к использованию основных моделей информационных технологий и способов их  знает лексемы и операторные конструкции объектноориентированных языков программирования содержание основные этапы и тенденции ', ' применения для решения задач в предметных областях развития программирования математического обеспечения и информационных технологий основные положения объектноориентированного и визуального направлений программирования методы способы и средства разработки программ в рамках этих направлений  умеет применять возможности объектноориентированного подхода при разработке программ использовать современные информационные технологии в рамках объектноориентированного похода для разработки программных комплексов и математического обеспечения компьютеров использовать современные технологии объектноориентированного программирования для создания программной модели реальных или виртуальных систем  2 Структура и трудоемкость дисциплины  Таблица 1 Вид учебной работы  Всего часов Часов в семестре 2 Общая трудоемкость зач ед 5 5 час 180 180 Из них    Часы аудиторной работы всего 60 60 Лекции 20 20 Практические занятия 40 40 Лабораторные  практические занятия по подгруппам 0 0 Часы внеаудиторной работы включая самостоятельную работу обучающегося 120 120 Вид промежуточной аттестации экзамен  Экзамен  3 ",CPP
ОТКРЫТЫЕ ТЕХНОЛОГИИ РАЗРАБОТКИ ПРОГРАММНОГО ОБЕСПЕЧЕНИЯ ,"  При изучении дисциплины студент получает представление о современных информационных технологиях учится создавать webсервисов проектов с использованием современных технологий учится формулировать проблему тему разработать цель и задачи исследования определить этапы и средства поиска оптимальных решений  11  Место дисциплины модуля в структуре образовательной программы  Дисциплина Открытые технологии разработки программного обеспечения относится к вариативной части блока 1 федерального государственного образовательного стандарта высшего образования направления 020303 Математическое обеспечение и администрирование информационных систем В соответствии с учебным планом образовательной программы изучение данной дисциплины предусмотрено в 7 семестре и логически взаимосвязано с изучаемыми параллельно дисциплинами Дисциплина использует знания в области объектноориентированного программирования расширяя представления о сущности и методах современных технологий программирования систем взаимодействующих с внешними сервисами   12 Компетенции обучающегося формируемые в результате освоения данной дисциплины модуля Код и наименование общепрофессиональной компетенции Планируемые результаты обучения знаниевыефункциональные УК1 Способен осуществлять поиск критический анализ и синтез информации применять системный подход для решения поставленных задач Знает  основные тенденции развития информационных технологий и программирования методов и программных средств коллективной разработки ПО рынок открытых технологий и ПО перспективы применения суперкомпьютерных технологий Умеет сделать постановку задачи диагностировать уровень решения задачи использовать различные инструменты и технологии для разработки собственных сервисов и проектов и для коллективной разработки ПО  ПК1 готовностью к использованию метода системного моделирования при исследовании и проектировании программных систем Знает языки формализации функциональных спецификаций методы и приемы формализации задач методы и средства проектирования программного обеспечения методы и средства проектирования программных интерфейсов Умеет выбирать средства реализации требований к программному обеспечению вырабатывать варианты реализации программного обеспечения проводить оценку и обоснование рекомендуемых решений  2 Структура и трудоемкость дисциплины  Таблица 1  Вид учебной работы  Всего часов Часов в семестре 7 Общая трудоемкость зач ед 4 4 час 144 144 Из них ', ' Часы аудиторной работы всего 60 60 Лекции 16 16 Практические занятия 44 44 Лабораторные  практические занятия по подгруппам 0 0 Часы внеаудиторной работы включая самостоятельную работу обучающегося 84 84 Вид промежуточной аттестации зачет диф зачет экзамен  Экзамен  3 ",WEB GUI MOBILE
ПРОГРАММИРОВАНИЕ ДЛЯ ВСТРОЕННЫХ СИСТЕМ ,"  Цель дисциплины сформировать у обучающихся понятие об основах программирования для встроенных систем и ведущих технологиях разработки  Задачи дисциплины        сформировать умение построения и анализа встроенных систем        развить навыки разработки приложений для встроенных систем  11  Место дисциплины модуля в структуре образовательной программы  Дисциплина Программирование для встроенных систем относится к вариативной части блока 1 федерального государственного образовательного стандарта высшего образования направления 020303 Математическое обеспечение и администрирование информационных систем В соответствии с учебным планом образовательной программы изучение данной дисциплины предусмотрено в 7 семестре и логически взаимосвязано с изучаемыми параллельно дисциплинами Дисциплина использует знания в области объектноориентированного программирования на языках Java C и C расширяя представления о сущности и методах современных технологий программирования для встроенных систем   12 Компетенции обучающегося формируемые в результате освоения данной дисциплины модуля Код и наименование общепрофессиональной компетенции Планируемые результаты обучения   знаниевыефункциональные ОПК3 Способен применять современные информационные технологии в том числе отечественные при создании программных продуктов и программных комплексов различного назначения Знает  основные понятия по программированию и проектированию встроенных систем связанных с аппаратным обеспечением принципы разработки специализированных приложений и общих программных систем практически в разрезе разработки системы более сложной общей системы Умеет разрабатывать и внедрять продукты состоящих из встроенных систем ПК2 готовностью к использованию основных моделей информационных технологий и способов их применения для решения задач в предметных областях Знает основные этапы компьютерного решения задач основные требования методологии программирования как технологической основы разработки ИТпроекта Умеет применять информационные технологии при проектировании и разработке ИТпроекта  2 Структура и трудоемкость дисциплины  Таблица 1  Вид учебной работы  Всего часов Часов в семестре 7 Общая трудоемкость зач ед 4 4 час 144 144 Из них Часы аудиторной работы всего 64 64 Лекции 20 20 Практические занятия 44 44 ', ' Лабораторные  практические занятия по подгруппам 0 0 Часы внеаудиторной работы включая самостоятельную работу обучающегося 80 80 Вид промежуточной аттестации зачет диф зачет экзамен  Зачет  3 ",JAVA CPP CS
ПРОГРАММИРОВАНИЕ НА ЯЗЫКЕ JAVA ," Целью дисциплины Программирование на языке Java является формирование у обучающихся знаний и умений для решения прикладных задач посредством программ разработанных на языке программирования Java в том числе в составе высокоуровневой платформы Задачи дисциплины   сформировать умение моделировать объекты прикладной области в сущности пригодные для манипулирования ими в рамках программной системы   развить навыки проектирования программных систем для решения прикладных задач  обеспечить овладение технологиями для реализации программных систем в рамках решения прикладной задачи  11Место дисциплины модуля в структуре образовательной программы Дисциплина Программирование на языке Java находится в Б1 Часть формируемая участниками образовательных отношений федерального государственного образовательного стандарта высшего образования направления 020303 Математическое обеспечение и администрирование информационных систем Дисциплина Программирование на языке Java опирается на материалы таких дисциплин как Объектноориентированное программирование Языки программирования Дискретная математика расширяя представления о сущности и методах современных технологий программирования и программного обеспечения для решения прикладных задач  Разделы дисциплины и междисциплинарные связи с обеспечиваемыми последующими дисциплинами Таблица 1  пп Наименование обеспечиваемых последующих дисциплин Темы дисциплины необходимые для изучения обеспечиваемых последующих дисциплин 1 2 3 4 5 6 7 8 1  Разработка мобильных приложений         2 Производственная практика         3 Выполнение ВКР          12Компетенции обучающегося формируемые в результате освоения дисциплины модуля Таблица 2 Код и наименование компетенции  Код и наименование части компетенции  при наличии паспорта компетенций Планируемые результаты обучения знаниевыефункциональные ПК1 готовность к использованию  Знает основные подходы к моделированию объектов прикладной ', ' метода системного моделирования при исследовании и проектировании программных систем области для их представления в рамках программной системы Умеет реализовать модель данных прикладной области с помощью конструкций языка программирования Java  2 Структура и трудоемкость дисциплины модуля Таблица 3 Вид учебной работы Всего часов Часов в семестре 4 семестр Общая трудоемкость зач ед 4 4 час 144 144 Из них Часы аудиторной работы всего 66 66 Лекции 16 16 Практические занятия 0 0 Лабораторные  практические занятия по подгруппам 50 50 Часы внеаудиторной работы включая самостоятельную работу обучающегося 78 78 Вид промежуточной аттестации зачет диф зачет экзамен  Зачет  3 ",JAVA
ПРОЕКТ «ИНТЕЛЛЕКТУАЛЬНЫЕ СИСТЕМЫ ПОДДЕРЖКИ ПРИНЯТИЯ РЕШЕНИЙ» ,"  Цели и задачи дисциплины Дисциплинапроект Интеллектуальные системы поддержки принятия решений обеспечивает приобретение знаний и умений в соответствии с государственным образовательным стандартом содействует формированию у студента практического опыта разработки программных продуктов прикладного назначение в рамках небольшой студенческой проектной группы В результате изучения дисциплины студент приобретет навыки работы в коллективе разработчиков ПО умение выстраивать цепочку жизненного цикла программного продукта от этапа технического задания на проект до этапа сдачи проекта заказчику  Целью дисциплины Проект Интеллектуальные системы поддержки принятия решений является формирование и развитие у студентов комплекса компетенций которые позволят им в будущей деятельности применять основы знаний по созданию и использованию в реальном секторе специализированных информационных систем обеспечивающих накопление и математическую обработку данных для принятия управленческих решений формирование навыков и умений работать в проектной группе разработчиков программного обеспечения формулирования требований и ограничений к создаваемому коллективно программному продукту навыков коммуникации с другими исполнителями проекта Задачи дисциплины  изучение основ создания и принципов организации прикладных интеллектуальных систем и систем поддержки принятия решений их основных особенностей и сфер применения   изучение использования данных и знаний в прикладных интеллектуальных систем и систем поддержки принятия решений   получение представления о типологии задач интеллектуализации прикладных интеллектуальных систем и систем поддержки принятия решений изучить принципы организации прикладных интеллектуальных систем и систем поддержки принятия решений  11 Место дисциплины в структуре основной образовательной программы Данная дисциплина входит в блок Б1 Базовая часть В соответствии с учебным планом образовательной программы изучение данной дисциплины предусмотрено в 7 семестре и логически взаимосвязано с параллельными дисциплинами Языки программирования Объектноориентированное программирование Математические основы анализа данных Математические основы искусственных нейронных сетей Математическое моделирование природных систем и других дисциплин в рамках которых необходимо осуществлять разработку прикладного программного обеспечения Кроме того студент может использовать приобретённые компетенции при выполнении курсовых работ и ВКР в которых важным элементом является разработка программных систем включающих элементы искусственного интеллекта     ', ' 12 Компетенции обучающегося формируемые в результате освоения данной дисциплины Код и наименование компетенции  Код и наименование части компетенции  при наличии паспорта компетенций Планируемые результаты обучения знаниевыефункциональные ОПК6 Способен использовать в педагогической деятельности научные основы знаний в сфере информационнокоммуникационных технологий  Знает  теорию принятия решений в тч подходы к постановке задач принятия решений в различных условиях  методы реализации решений с применением информационных систем поддержки  подходы и технику решения задач принятия решений с использованием информационных систем  Умеет  решать прикладные вопросы в задачах принятия решений с применением различных критериев  решать прикладные вопросы в условиях нечеткости исходной информации неопределенности и риска ПК2 готовностью к использованию основных моделей информационных технологий и способов их применения для решения задач в предметных областях  Знает   современные инструментальные средств анализа эффективности принятия управленческого решения  методы использования искусственных нейронных сетей систем с нечеткой логикой для поддержки принятия решений  методологию разработки программного обеспечения и технологии программирования   Умеет   самостоятельно работать с научной литературой в области компьютерного моделирования   разрабатывать простейшие компьютерные модели в различных областях человеческой деятельности   применять соответствующий математический аппарат и инструментальные средства для обработки анализа и систематизации информации      ', ' 2 Структура и трудоемкость дисциплины  Таблица 1 Вид учебной работы  Всего часов Часов в семестре 5 Общая трудоемкость зач ед 4 4 час 144 144 Из них Часы аудиторной работы всего 50 50 Лекции 0 0 Практические занятия 50 50 Лабораторные  практические занятия по подгруппам 0 0 Часы внеаудиторной работы включая самостоятельную работу обучающегося 94 94 Вид промежуточной аттестации зачет диф зачет экзамен  Экзамен  3 ",
ПРОЕКТ «РАЗРАБОТКА СИСТЕМ ОБРАБОТКИ ДАННЫХ В ПРЕДМЕТНЫХ ОБЛАСТЯХ» ,"   Цели и задачи дисциплины Практическое проектирование программного обеспечения является одним из важнейших факторов практической подготовки студентов В ходе выполнения проекта осваивается методика научного исследования изучается передовой опыт углубляются и систематизируются полученные теоретические знания Велика роль проекта в формировании умений использования теоретических знаний в решении практических задач самостоятельности в суждениях Целью дисциплины Проект Разработка систем обработки данных в предметных областях является формирование и развитие у студентов необходимых способностей и навыков самостоятельной научноисследовательской и практической деятельности умения представить результаты работы в виде готового программного решения и убедительно защитить их в дискуссии со специалистами  Задачи дисциплины   сформировать умение выстраивать логику исследовательского поиска формулировать проблему тему разработать цель и задачи проектирования определить этапы и средства поиска оптимальных решений   обеспечить развитие профессиональных компетентности обучающихся в области практического проектирования прикладных задач   11 Место дисциплины в структуре основной образовательной программы Данная дисциплина входит в блок Б1 Базовая часть В соответствии с учебным планом образовательной программы изучение данной дисциплины предусмотрено в 5 семестре и логически взаимосвязано с параллельными дисциплинами Языки программирования Объектноориентированное программирование Современные системы управления базами данных Разработка приложений баз данных и других дисциплин в рамках которых необходимо осуществлять разработку прикладного программного обеспечения Кроме того студент может использовать приобретённые компетенции при выполнении курсовых работ и ВКР в которых важным элементом является разработка программных продуктов обработки данных в предметных областях   12 Компетенции обучающегося формируемые в результате освоения данной дисциплины Код и наименование компетенции  Код и наименование части компетенции  при наличии паспорта компетенций Планируемые результаты обучения знаниевыефункциональные ОПК5 Способен инсталлировать и сопровождать программное обеспечение для информационных систем и баз данных в том числе отечественного производства  Знает тенденции развития функций и архитектур проблемноориентированных программных систем и комплексов  основные платформы для создания и управления информационной системой  основные модели построения информационных систем их структуру особенности и области применения Умеет ', '  классифицировать программные системы и комплексы по направлениям использования   провести обзор о современном состоянии развития архитектур вычислительных систем  ПК2 готовностью к использованию основных моделей информационных технологий и способов их применения для решения задач в предметных областях  Знает   методы и средства проектирования программного обеспечения программных интерфейсов и баз данных  методологию разработки программного обеспечения и технологии программирования   Умеет   самостоятельно работать с научной литературой в области компьютерного моделирования   разрабатывать простейшие компьютерные модели в различных областях человеческой деятельности   применять методы и средства проектирования программного обеспечения структур данных баз данных программных интерфейсов в предметных областях    2 Структура и трудоемкость дисциплины  Таблица 1 Вид учебной работы  Всего часов Часов в семестре 5 Общая трудоемкость зач ед 4 4 час 144 144 Из них Часы аудиторной работы всего 50 50 Лекции 0 0 Практические занятия 50 50 Лабораторные  практические занятия по подгруппам 0 0 Часы внеаудиторной работы включая самостоятельную работу обучающегося 94 94 Вид промежуточной аттестации зачет диф зачет экзамен  Экзамен  3 ",
РАЗРАБОТКА МОБИЛЬНЫХ ПРИЛОЖЕНИЙ ," Дисциплина Разработка мобильных приложений входит в вариативную часть дисциплин учебного плана направления Математическое обеспечение и администрирование информационных систем  Целью преподавания дисциплины Разработка мобильных приложений является изучение основных принципов построения мобильного программного обеспечения на базе ОС Android В рамках лабораторных занятий изучаются особенности используемых программных платформ рассматриваются приемы построения приложений Лабораторные занятия сопровождаются практикумом на ЭВМ где студенты самостоятельно выполняют поставленные перед ними задачи на разработку мобильных приложений с использованием языка программирования Java и среды разработки Android Studio  Задачи дисциплины  обучить студентов принципам построения мобильных приложений и основным используемым технологиям  сформировать у студентов практические навыки разработки мобильных приложений разработки интерфейса приложений  привить студентам навыки программирования на языке Java для разработки Android приложений  11  Место дисциплины модуля в структуре образовательной программы  Данная дисциплина входит в блок Б1 дисциплины модули вариативной части учебного плана Для изучения и освоения дисциплины нужны первоначальные знания из курсов информатики методов и технологий программирования объектноориентированного программирования   12 Компетенции обучающегося формируемые в результате освоения данной дисциплины модуля Код и наименование компетенции Код и наименование части компетенции  при наличии паспорта компетенций Планируемые результаты обучения знаниевыефункциональные ПК2 готовностью к использованию основных моделей информационных технологий и способов их применения для решения задач в предметных областях  Знает принципы технической реализации приложений для платформы Android Умеет проектировать интерфейсы приложений использовать различные компоненты для разработки приложений  2 Структура и трудоемкость дисциплины  Таблица 1  Вид учебной работы  Всего часов Часов в семестре 5 семестр Общая трудоемкость зач ед 4 4 час 144 144 Из них Часы аудиторной работы всего 66 66 Лекции 16 16 ', '4 Практические занятия 50 50 Лабораторные  практические занятия по подгруппам 0 0 Часы внеаудиторной работы включая самостоятельную работу обучающегося 78 78 Вид промежуточной аттестации зачет  Зачет  3 ",MOBILE JAVA KOTLIN
